pybind, 0.000265559
calc_grid_indices, 5.33e-05
calc_weight_matrix, 0.0104771
calc_rho, 0.00192793
calc_cdf, 0.00229748
uobs_fill_and_flattern, 0.0100419
bin_obs_flattern, 0.000471069
linear_interpolation, 0.0108078
reshape, 8.1e-07
calc_rho, 0.00200649
calc_cdf, 0.00218769
uobs_fill_and_flattern, 0.00987488
bin_obs_flattern, 0.000431359
linear_interpolation, 0.0107162
reshape, 3e-07
filter, 0.0390356
forward_single_sample, 0.102772
pybind_wrapping_result, 0.00251306
total, 0.118432
pybind, 0.00022115
calc_grid_indices, 5.448e-05
calc_weight_matrix, 0.0104661
calc_rho, 0.00181093
calc_cdf, 0.00223893
uobs_fill_and_flattern, 0.0101026
bin_obs_flattern, 0.000414689
linear_interpolation, 0.0108934
reshape, 6.8e-07
calc_rho, 0.00203956
calc_cdf, 0.00218134
uobs_fill_and_flattern, 0.0099302
bin_obs_flattern, 0.00042096
linear_interpolation, 0.0108211
reshape, 4e-07
filter, 0.0365284
forward_single_sample, 0.100299
pybind_wrapping_result, 0.00284025
total, 0.116224
pybind, 0.00022106
calc_grid_indices, 5.498e-05
calc_weight_matrix, 0.0104932
calc_rho, 0.00181716
calc_cdf, 0.00217113
uobs_fill_and_flattern, 0.00990528
bin_obs_flattern, 0.00042143
linear_interpolation, 0.0105728
reshape, 8.3e-07
calc_rho, 0.00194003
calc_cdf, 0.00215701
uobs_fill_and_flattern, 0.00978998
bin_obs_flattern, 0.000422529
linear_interpolation, 0.0105592
reshape, 4.5e-07
filter, 0.0360854
forward_single_sample, 0.0986172
pybind_wrapping_result, 0.00197907
total, 0.11373
pybind, 0.00021509
calc_grid_indices, 5.5749e-05
calc_weight_matrix, 0.0104653
calc_rho, 0.00182159
calc_cdf, 0.0021792
uobs_fill_and_flattern, 0.00995054
bin_obs_flattern, 0.000430429
linear_interpolation, 0.0105535
reshape, 5.9e-07
calc_rho, 0.00195021
calc_cdf, 0.0021738
uobs_fill_and_flattern, 0.00976468
bin_obs_flattern, 0.00043547
linear_interpolation, 0.0105655
reshape, 6.9e-07
filter, 0.0358894
forward_single_sample, 0.0985439
pybind_wrapping_result, 0.00200113
total, 0.113695
pybind, 0.0002185
calc_grid_indices, 5.578e-05
calc_weight_matrix, 0.0104935
calc_rho, 0.00181574
calc_cdf, 0.00218863
uobs_fill_and_flattern, 0.00995909
bin_obs_flattern, 0.00043351
linear_interpolation, 0.0105945
reshape, 6.5e-07
calc_rho, 0.00194194
calc_cdf, 0.00218104
uobs_fill_and_flattern, 0.00972119
bin_obs_flattern, 0.00042782
linear_interpolation, 0.0105706
reshape, 7.3e-07
filter, 0.0357668
forward_single_sample, 0.0984236
pybind_wrapping_result, 0.00197917
total, 0.113574
pybind, 0.00022597
calc_grid_indices, 5.9919e-05
calc_weight_matrix, 0.0104187
calc_rho, 0.00181653
calc_cdf, 0.00218208
uobs_fill_and_flattern, 0.00996401
bin_obs_flattern, 0.000431329
linear_interpolation, 0.0105465
reshape, 9.6e-07
calc_rho, 0.00194261
calc_cdf, 0.00215272
uobs_fill_and_flattern, 0.00977885
bin_obs_flattern, 0.00042221
linear_interpolation, 0.0105942
reshape, 5.4e-07
filter, 0.0357461
forward_single_sample, 0.0984104
pybind_wrapping_result, 0.00201931
total, 0.113524
pybind, 0.00022237
calc_grid_indices, 7.085e-05
calc_weight_matrix, 0.010482
calc_rho, 0.00182038
calc_cdf, 0.00218419
uobs_fill_and_flattern, 0.00999699
bin_obs_flattern, 0.00042769
linear_interpolation, 0.0105464
reshape, 7.3e-07
calc_rho, 0.00193773
calc_cdf, 0.00225133
uobs_fill_and_flattern, 0.00981407
bin_obs_flattern, 0.000454089
linear_interpolation, 0.0105588
reshape, 6e-07
filter, 0.0357168
forward_single_sample, 0.0985527
pybind_wrapping_result, 0.00197743
total, 0.11366
pybind, 0.00023191
calc_grid_indices, 5.919e-05
calc_weight_matrix, 0.0104728
calc_rho, 0.00182659
calc_cdf, 0.00217542
uobs_fill_and_flattern, 0.00999909
bin_obs_flattern, 0.000435749
linear_interpolation, 0.010534
reshape, 8.9e-07
calc_rho, 0.0019449
calc_cdf, 0.00216292
uobs_fill_and_flattern, 0.00981445
bin_obs_flattern, 0.00042344
linear_interpolation, 0.0105724
reshape, 5.4e-07
filter, 0.0358474
forward_single_sample, 0.0985646
pybind_wrapping_result, 0.00199832
total, 0.113703
pybind, 0.00022685
calc_grid_indices, 5.508e-05
calc_weight_matrix, 0.0104577
calc_rho, 0.00181939
calc_cdf, 0.00217052
uobs_fill_and_flattern, 0.00997179
bin_obs_flattern, 0.00042577
linear_interpolation, 0.0105253
reshape, 5.9e-07
calc_rho, 0.0019344
calc_cdf, 0.00216825
uobs_fill_and_flattern, 0.00972851
bin_obs_flattern, 0.000429379
linear_interpolation, 0.0105414
reshape, 5.2e-07
filter, 0.0357706
forward_single_sample, 0.0983179
pybind_wrapping_result, 0.00197288
total, 0.113392
pybind, 0.00022994
calc_grid_indices, 5.61e-05
calc_weight_matrix, 0.0104031
calc_rho, 0.00182421
calc_cdf, 0.00218255
uobs_fill_and_flattern, 0.00996922
bin_obs_flattern, 0.00043154
linear_interpolation, 0.0105338
reshape, 4.9e-07
calc_rho, 0.00193892
calc_cdf, 0.00215842
uobs_fill_and_flattern, 0.00974132
bin_obs_flattern, 0.000421899
linear_interpolation, 0.0105478
reshape, 6.9e-07
filter, 0.0357119
forward_single_sample, 0.0983088
pybind_wrapping_result, 0.00199017
total, 0.113363
