pybind, 0.000200992
calc_grid_indices, 5.0501e-05
calc_weight_matrix, 0.0240047
calc_rho, 0.00165225
calc_cdf, 0.00147005
uobs_fill_and_flattern, 0.0222601
bin_obs_flattern, 8.8941e-05
linear_interpolation, 0.0221916
reshape, 1.461e-06
calc_rho, 0.00167305
calc_cdf, 0.00147093
uobs_fill_and_flattern, 0.0219458
bin_obs_flattern, 8.9511e-05
linear_interpolation, 0.0217855
reshape, 9.6e-07
filter, 0.0679564
forward_single_sample, 0.183597
pybind_wrapping_result, 0.00664599
total, 0.219098
pybind, 0.000205902
calc_grid_indices, 5.1961e-05
calc_weight_matrix, 0.0240493
calc_rho, 0.00156864
calc_cdf, 0.00147759
uobs_fill_and_flattern, 0.0253734
bin_obs_flattern, 0.000500926
linear_interpolation, 0.0239856
reshape, 1.03e-06
calc_rho, 0.00169078
calc_cdf, 0.00150206
uobs_fill_and_flattern, 0.0215127
bin_obs_flattern, 9.1751e-05
linear_interpolation, 0.0243207
reshape, 7.8e-07
filter, 0.0564906
forward_single_sample, 0.179402
pybind_wrapping_result, 0.00389309
total, 0.211212
pybind, 0.000160352
calc_grid_indices, 5.0031e-05
calc_weight_matrix, 0.0241401
calc_rho, 0.00152739
calc_cdf, 0.00147499
uobs_fill_and_flattern, 0.0220849
bin_obs_flattern, 9.6252e-05
linear_interpolation, 0.0222695
reshape, 9e-07
calc_rho, 0.00167424
calc_cdf, 0.00147466
uobs_fill_and_flattern, 0.0215485
bin_obs_flattern, 9.1111e-05
linear_interpolation, 0.0224776
reshape, 7.9e-07
filter, 0.0546326
forward_single_sample, 0.169794
pybind_wrapping_result, 0.00522518
total, 0.203039
pybind, 0.000160842
calc_grid_indices, 5.0031e-05
calc_weight_matrix, 0.0240636
calc_rho, 0.00160869
calc_cdf, 0.00146679
uobs_fill_and_flattern, 0.0222222
bin_obs_flattern, 9.1891e-05
linear_interpolation, 0.0227204
reshape, 7.8e-07
calc_rho, 0.00169213
calc_cdf, 0.00147576
uobs_fill_and_flattern, 0.0214616
bin_obs_flattern, 9.4091e-05
linear_interpolation, 0.0223213
reshape, 1.35e-06
filter, 0.0548637
forward_single_sample, 0.170556
pybind_wrapping_result, 0.00180524
total, 0.200276
pybind, 0.000162531
calc_grid_indices, 5.099e-05
calc_weight_matrix, 0.0238408
calc_rho, 0.00160657
calc_cdf, 0.00147112
uobs_fill_and_flattern, 0.0223233
bin_obs_flattern, 0.000104511
linear_interpolation, 0.0224641
reshape, 1.05e-06
calc_rho, 0.001734
calc_cdf, 0.00149484
uobs_fill_and_flattern, 0.0216821
bin_obs_flattern, 9.4021e-05
linear_interpolation, 0.0221768
reshape, 1.03e-06
filter, 0.056252
forward_single_sample, 0.172317
pybind_wrapping_result, 0.00190664
total, 0.201924
pybind, 0.000158402
calc_grid_indices, 4.9711e-05
calc_weight_matrix, 0.02401
calc_rho, 0.00163039
calc_cdf, 0.00147887
uobs_fill_and_flattern, 0.0220218
bin_obs_flattern, 9.5791e-05
linear_interpolation, 0.0225015
reshape, 7.8e-07
calc_rho, 0.00164046
calc_cdf, 0.00148283
uobs_fill_and_flattern, 0.0216894
bin_obs_flattern, 9.1151e-05
linear_interpolation, 0.0225469
reshape, 7.7e-07
filter, 0.0548458
forward_single_sample, 0.170625
pybind_wrapping_result, 0.00179894
total, 0.200263
pybind, 0.000162222
calc_grid_indices, 5.0161e-05
calc_weight_matrix, 0.0238031
calc_rho, 0.00166897
calc_cdf, 0.00146514
uobs_fill_and_flattern, 0.0218552
bin_obs_flattern, 9.3291e-05
linear_interpolation, 0.0225448
reshape, 7.8e-07
calc_rho, 0.00166235
calc_cdf, 0.00147763
uobs_fill_and_flattern, 0.0216516
bin_obs_flattern, 0.000112822
linear_interpolation, 0.0223777
reshape, 1.04e-06
filter, 0.0562838
forward_single_sample, 0.171837
pybind_wrapping_result, 0.00188992
total, 0.201402
pybind, 0.000160021
calc_grid_indices, 4.966e-05
calc_weight_matrix, 0.0238846
calc_rho, 0.0016402
calc_cdf, 0.00147057
uobs_fill_and_flattern, 0.0221306
bin_obs_flattern, 9.1231e-05
linear_interpolation, 0.0225071
reshape, 8.9e-07
calc_rho, 0.00166636
calc_cdf, 0.0014852
uobs_fill_and_flattern, 0.0217297
bin_obs_flattern, 9.5341e-05
linear_interpolation, 0.0223712
reshape, 8.1e-07
filter, 0.0562758
forward_single_sample, 0.172034
pybind_wrapping_result, 0.00193677
total, 0.201693
pybind, 0.000174352
calc_grid_indices, 4.9231e-05
calc_weight_matrix, 0.0238034
calc_rho, 0.00156589
calc_cdf, 0.00148211
uobs_fill_and_flattern, 0.0221136
bin_obs_flattern, 9.3051e-05
linear_interpolation, 0.0226521
reshape, 7.8e-07
calc_rho, 0.00169205
calc_cdf, 0.00152252
uobs_fill_and_flattern, 0.0215597
bin_obs_flattern, 9.3601e-05
linear_interpolation, 0.0225737
reshape, 8e-07
filter, 0.0546437
forward_single_sample, 0.170441
pybind_wrapping_result, 0.00193941
total, 0.200043
pybind, 0.000192172
calc_grid_indices, 4.9961e-05
calc_weight_matrix, 0.023934
calc_rho, 0.00157781
calc_cdf, 0.0014804
uobs_fill_and_flattern, 0.0219035
bin_obs_flattern, 9.5491e-05
linear_interpolation, 0.0226711
reshape, 7.8e-07
calc_rho, 0.00163403
calc_cdf, 0.00146341
uobs_fill_and_flattern, 0.0218051
bin_obs_flattern, 9.5011e-05
linear_interpolation, 0.0228289
reshape, 1.04e-06
filter, 0.0556333
forward_single_sample, 0.17165
pybind_wrapping_result, 0.00201903
total, 0.20147
