pybind, 0.00032962
calc_grid_indices, 7.3349e-05
calc_weight_matrix, 0.00544756
calc_rho, 0.00225513
calc_cdf, 0.00201904
uobs_fill_and_flattern, 0.00491706
bin_obs_flattern, 0.000431
linear_interpolation, 0.0052349
reshape, 1e-06
calc_rho, 0.00221886
calc_cdf, 0.00199277
uobs_fill_and_flattern, 0.00494101
bin_obs_flattern, 0.00027133
linear_interpolation, 0.00575058
reshape, 5.1e-07
filter, 0.0278807
forward_single_sample, 0.0616947
pybind_wrapping_result, 0.00303153
total, 0.0711117
pybind, 0.00033249
calc_grid_indices, 6.487e-05
calc_weight_matrix, 0.00534331
calc_rho, 0.00207597
calc_cdf, 0.0019981
uobs_fill_and_flattern, 0.00501045
bin_obs_flattern, 0.00026031
linear_interpolation, 0.00520328
reshape, 1.32e-06
calc_rho, 0.00223498
calc_cdf, 0.00201226
uobs_fill_and_flattern, 0.00457852
bin_obs_flattern, 0.000354529
linear_interpolation, 0.00587517
reshape, 7.1e-07
filter, 0.0263499
forward_single_sample, 0.0592829
pybind_wrapping_result, 0.00253843
total, 0.0680913
pybind, 0.000330859
calc_grid_indices, 6.487e-05
calc_weight_matrix, 0.00531796
calc_rho, 0.00215265
calc_cdf, 0.00204414
uobs_fill_and_flattern, 0.00493128
bin_obs_flattern, 0.00026632
linear_interpolation, 0.00539105
reshape, 1.24e-06
calc_rho, 0.00226133
calc_cdf, 0.00199379
uobs_fill_and_flattern, 0.00475306
bin_obs_flattern, 0.0002602
linear_interpolation, 0.00561454
reshape, 7.1e-07
filter, 0.0267426
forward_single_sample, 0.0598056
pybind_wrapping_result, 0.00197096
total, 0.0679942
pybind, 0.00033662
calc_grid_indices, 6.461e-05
calc_weight_matrix, 0.00523789
calc_rho, 0.00205056
calc_cdf, 0.00197897
uobs_fill_and_flattern, 0.00475134
bin_obs_flattern, 0.000270149
linear_interpolation, 0.00515763
reshape, 1.17e-06
calc_rho, 0.00215392
calc_cdf, 0.00195851
uobs_fill_and_flattern, 0.00471645
bin_obs_flattern, 0.00026806
linear_interpolation, 0.00562258
reshape, 7.9e-07
filter, 0.0264971
forward_single_sample, 0.0587651
pybind_wrapping_result, 0.00205566
total, 0.0669436
pybind, 0.0003286
calc_grid_indices, 6.496e-05
calc_weight_matrix, 0.00526851
calc_rho, 0.00201124
calc_cdf, 0.0019757
uobs_fill_and_flattern, 0.00452969
bin_obs_flattern, 0.000282679
linear_interpolation, 0.00550995
reshape, 1.21e-06
calc_rho, 0.0020128
calc_cdf, 0.00195935
uobs_fill_and_flattern, 0.0045699
bin_obs_flattern, 0.000285209
linear_interpolation, 0.00579089
reshape, 7.5e-07
filter, 0.0264099
forward_single_sample, 0.058776
pybind_wrapping_result, 0.00196776
total, 0.0668991
pybind, 0.00033898
calc_grid_indices, 6.393e-05
calc_weight_matrix, 0.00519875
calc_rho, 0.00210363
calc_cdf, 0.00206493
uobs_fill_and_flattern, 0.00464435
bin_obs_flattern, 0.000287649
linear_interpolation, 0.0052585
reshape, 1.17e-06
calc_rho, 0.00215447
calc_cdf, 0.00195137
uobs_fill_and_flattern, 0.00463749
bin_obs_flattern, 0.00028411
linear_interpolation, 0.00553754
reshape, 7.2e-07
filter, 0.0260193
forward_single_sample, 0.05828
pybind_wrapping_result, 0.00203251
total, 0.0664109
pybind, 0.000337839
calc_grid_indices, 6.4e-05
calc_weight_matrix, 0.00522625
calc_rho, 0.00208988
calc_cdf, 0.0019809
uobs_fill_and_flattern, 0.00471639
bin_obs_flattern, 0.00028173
linear_interpolation, 0.00530343
reshape, 1e-06
calc_rho, 0.00215467
calc_cdf, 0.0019573
uobs_fill_and_flattern, 0.00475662
bin_obs_flattern, 0.000287569
linear_interpolation, 0.00570776
reshape, 7.2e-07
filter, 0.0265702
forward_single_sample, 0.0591665
pybind_wrapping_result, 0.00196529
total, 0.0672993
pybind, 0.00033381
calc_grid_indices, 6.524e-05
calc_weight_matrix, 0.00518074
calc_rho, 0.00201164
calc_cdf, 0.00198452
uobs_fill_and_flattern, 0.00453979
bin_obs_flattern, 0.00027706
linear_interpolation, 0.00519137
reshape, 1.09e-06
calc_rho, 0.00206969
calc_cdf, 0.00197363
uobs_fill_and_flattern, 0.00453701
bin_obs_flattern, 0.00029004
linear_interpolation, 0.00566526
reshape, 7.4e-07
filter, 0.0259836
forward_single_sample, 0.0578699
pybind_wrapping_result, 0.00204428
total, 0.0659909
pybind, 0.000335899
calc_grid_indices, 6.89e-05
calc_weight_matrix, 0.00521121
calc_rho, 0.00201732
calc_cdf, 0.00196798
uobs_fill_and_flattern, 0.00462907
bin_obs_flattern, 0.00027876
linear_interpolation, 0.00548126
reshape, 1.26e-06
calc_rho, 0.00211905
calc_cdf, 0.00196364
uobs_fill_and_flattern, 0.0047258
bin_obs_flattern, 0.000286789
linear_interpolation, 0.00553769
reshape, 7.2e-07
filter, 0.0264556
forward_single_sample, 0.0588306
pybind_wrapping_result, 0.00196333
total, 0.0669189
pybind, 0.00033125
calc_grid_indices, 6.409e-05
calc_weight_matrix, 0.00519455
calc_rho, 0.00201182
calc_cdf, 0.00198464
uobs_fill_and_flattern, 0.00477375
bin_obs_flattern, 0.00027754
linear_interpolation, 0.00510162
reshape, 8.6e-07
calc_rho, 0.00205666
calc_cdf, 0.00196802
uobs_fill_and_flattern, 0.00471607
bin_obs_flattern, 0.00028105
linear_interpolation, 0.00565752
reshape, 4.8e-07
filter, 0.0260988
forward_single_sample, 0.0582744
pybind_wrapping_result, 0.0020402
total, 0.0664058
