pybind, 0.000214582
calc_grid_indices, 5.495e-05
calc_weight_matrix, 0.00203696
calc_rho, 0.00143798
calc_cdf, 0.00202047
uobs_fill_and_flattern, 0.00286143
bin_obs_flattern, 0.00145176
linear_interpolation, 0.00379014
reshape, 1.92e-06
calc_rho, 0.00144027
calc_cdf, 0.00234471
uobs_fill_and_flattern, 0.00286346
bin_obs_flattern, 0.000136722
linear_interpolation, 0.000961231
reshape, 3.7e-07
filter, 0.00299776
forward_single_sample, 0.0290123
pybind_wrapping_result, 0.000361464
total, 0.0316677
pybind, 0.000246533
calc_grid_indices, 6.1801e-05
calc_weight_matrix, 0.000578837
calc_rho, 0.00139879
calc_cdf, 0.00152248
uobs_fill_and_flattern, 0.000571447
bin_obs_flattern, 0.000109931
linear_interpolation, 0.000758169
reshape, 3.8e-07
calc_rho, 0.00140774
calc_cdf, 0.00155425
uobs_fill_and_flattern, 0.000515276
bin_obs_flattern, 8.7661e-05
linear_interpolation, 0.00100258
reshape, 2.1e-07
filter, 0.00328962
forward_single_sample, 0.0135259
pybind_wrapping_result, 0.000270043
total, 0.0145138
pybind, 0.000157282
calc_grid_indices, 5.24e-05
calc_weight_matrix, 0.000554516
calc_rho, 0.00139978
calc_cdf, 0.00153922
uobs_fill_and_flattern, 0.000541596
bin_obs_flattern, 0.000103922
linear_interpolation, 0.000682707
reshape, 4.2e-07
calc_rho, 0.00139273
calc_cdf, 0.00148603
uobs_fill_and_flattern, 0.000484226
bin_obs_flattern, 0.000110711
linear_interpolation, 0.000693418
reshape, 1.8e-07
filter, 0.0018533
forward_single_sample, 0.0114594
pybind_wrapping_result, 0.000214622
total, 0.0123645
pybind, 0.000142652
calc_grid_indices, 5.0831e-05
calc_weight_matrix, 0.000548956
calc_rho, 0.00140585
calc_cdf, 0.00150114
uobs_fill_and_flattern, 0.000571907
bin_obs_flattern, 9.8781e-05
linear_interpolation, 0.000682498
reshape, 4e-07
calc_rho, 0.00138288
calc_cdf, 0.00149008
uobs_fill_and_flattern, 0.000505966
bin_obs_flattern, 7.8861e-05
linear_interpolation, 0.000722888
reshape, 1.4e-07
filter, 0.00169415
forward_single_sample, 0.0113297
pybind_wrapping_result, 0.000270533
total, 0.0123019
pybind, 0.000143412
calc_grid_indices, 5.3011e-05
calc_weight_matrix, 0.000474185
calc_rho, 0.00139657
calc_cdf, 0.00151725
uobs_fill_and_flattern, 0.000561397
bin_obs_flattern, 0.000107551
linear_interpolation, 0.000707918
reshape, 3.9e-07
calc_rho, 0.00138642
calc_cdf, 0.00152388
uobs_fill_and_flattern, 0.000510836
bin_obs_flattern, 0.000101351
linear_interpolation, 0.000694048
reshape, 1.6e-07
filter, 0.00220791
forward_single_sample, 0.0119729
pybind_wrapping_result, 0.000274563
total, 0.0128535
pybind, 0.000147412
calc_grid_indices, 5.244e-05
calc_weight_matrix, 0.000490245
calc_rho, 0.00137843
calc_cdf, 0.00152424
uobs_fill_and_flattern, 0.000553806
bin_obs_flattern, 0.000125562
linear_interpolation, 0.000663637
reshape, 4.4e-07
calc_rho, 0.00137926
calc_cdf, 0.00149528
uobs_fill_and_flattern, 0.000487746
bin_obs_flattern, 0.000103581
linear_interpolation, 0.000689518
reshape, 2e-07
filter, 0.00194738
forward_single_sample, 0.0115871
pybind_wrapping_result, 0.000249573
total, 0.0124491
pybind, 0.000134651
calc_grid_indices, 5.3461e-05
calc_weight_matrix, 0.000490376
calc_rho, 0.0013763
calc_cdf, 0.00152358
uobs_fill_and_flattern, 0.000544706
bin_obs_flattern, 0.000119352
linear_interpolation, 0.000671647
reshape, 1.8e-07
calc_rho, 0.00139649
calc_cdf, 0.00148001
uobs_fill_and_flattern, 0.000557636
bin_obs_flattern, 8.386e-05
linear_interpolation, 0.000673877
reshape, 1.4e-07
filter, 0.00177241
forward_single_sample, 0.0114182
pybind_wrapping_result, 0.000146491
total, 0.0121759
pybind, 0.000117701
calc_grid_indices, 4.885e-05
calc_weight_matrix, 0.000480726
calc_rho, 0.00141691
calc_cdf, 0.0015168
uobs_fill_and_flattern, 0.000534406
bin_obs_flattern, 0.000117492
linear_interpolation, 0.000723588
reshape, 2e-07
calc_rho, 0.00138334
calc_cdf, 0.00153435
uobs_fill_and_flattern, 0.000513826
bin_obs_flattern, 0.000115761
linear_interpolation, 0.000705978
reshape, 1.3e-07
filter, 0.00184482
forward_single_sample, 0.0115927
pybind_wrapping_result, 0.000216923
total, 0.0124125
pybind, 0.000118822
calc_grid_indices, 4.866e-05
calc_weight_matrix, 0.000472715
calc_rho, 0.00137951
calc_cdf, 0.00151571
uobs_fill_and_flattern, 0.000531396
bin_obs_flattern, 0.000109891
linear_interpolation, 0.000714588
reshape, 2e-07
calc_rho, 0.00141155
calc_cdf, 0.00148338
uobs_fill_and_flattern, 0.000543136
bin_obs_flattern, 0.000103571
linear_interpolation, 0.000783868
reshape, 1.9e-07
filter, 0.00216515
forward_single_sample, 0.0119172
pybind_wrapping_result, 0.000201362
total, 0.0127418
pybind, 0.000148241
calc_grid_indices, 5.173e-05
calc_weight_matrix, 0.000464006
calc_rho, 0.00139622
calc_cdf, 0.00157895
uobs_fill_and_flattern, 0.000557616
bin_obs_flattern, 0.000121362
linear_interpolation, 0.000687187
reshape, 2.1e-07
calc_rho, 0.00139588
calc_cdf, 0.0015013
uobs_fill_and_flattern, 0.000523586
bin_obs_flattern, 9.9001e-05
linear_interpolation, 0.000697258
reshape, 1.3e-07
filter, 0.00342351
forward_single_sample, 0.0132181
pybind_wrapping_result, 0.000243503
total, 0.0140513
