calc_grid_indices,0.00025652
calc_weight_matrix,0.015134690000000001
calc_rho,0.00052068
calc_cdf,0.0029500560000000004
forward_single_sample,0.006004832000000001
uobs_fill_and_flattern,0.008179298
bin_obs_flattern,0.00041539
linear_interpolation,0.012768723000000001
reshape,2.143e-05
calc_rho,0.000297279
calc_cdf,0.00015491000000000002
uobs_fill_and_flattern,0.00012272000000000002
bin_obs_flattern,3.986e-05
linear_interpolation,0.00040945900000000004
reshape,1.232e-05
filter,0.025227486
total,0.09031681700000001
calc_grid_indices,0.000114289
calc_weight_matrix,0.006232171000000001
forward_single_sample,0.000594109
calc_rho,0.00048542
calc_cdf,0.00018628900000000002
uobs_fill_and_flattern,0.00012245
bin_obs_flattern,3.5560000000000005e-05
linear_interpolation,0.00045876900000000004
reshape,1.343e-05
calc_rho,0.00017135000000000002
calc_cdf,0.00012317
uobs_fill_and_flattern,7.753000000000001e-05
bin_obs_flattern,3.57e-05
linear_interpolation,0.000369609
reshape,1.145e-05
filter,0.00028015
total,0.025392765
calc_grid_indices,0.00012405
calc_weight_matrix,0.006214301
calc_rho,0.00024047
forward_single_sample,0.000582599
calc_cdf,0.00018257
uobs_fill_and_flattern,8.749900000000001e-05
bin_obs_flattern,3.621e-05
linear_interpolation,0.00038542000000000003
reshape,1.2100000000000001e-05
calc_rho,0.000183119
calc_cdf,0.00011776000000000001
uobs_fill_and_flattern,7.753000000000001e-05
bin_obs_flattern,3.5170000000000004e-05
linear_interpolation,0.000368969
reshape,1.163e-05
filter,0.00025307000000000004
total,0.021804681000000003
calc_grid_indices,5.678e-05
calc_weight_matrix,0.008260599
forward_single_sample,0.00025575
calc_rho,0.00024627000000000004
calc_cdf,0.00012837000000000002
uobs_fill_and_flattern,7.977e-05
bin_obs_flattern,3.553e-05
linear_interpolation,0.0003751
reshape,1.23e-05
calc_rho,0.00017448000000000002
calc_cdf,0.000116719
uobs_fill_and_flattern,7.652e-05
bin_obs_flattern,3.5340000000000004e-05
linear_interpolation,0.00038049000000000004
reshape,1.2440000000000001e-05
filter,0.00024465
total,0.023688508
calc_grid_indices,5.3500000000000006e-05
calc_weight_matrix,0.008327899
forward_single_sample,0.00040719000000000004
calc_rho,0.00025800000000000004
calc_cdf,0.000132979
uobs_fill_and_flattern,7.889e-05
bin_obs_flattern,3.591e-05
linear_interpolation,0.00038642
reshape,1.186e-05
calc_rho,0.00017099900000000002
calc_cdf,0.00011582000000000001
uobs_fill_and_flattern,7.621e-05
bin_obs_flattern,3.55e-05
linear_interpolation,0.000375579
reshape,1.18e-05
filter,0.00024517
total,0.023575908000000003
calc_grid_indices,5.448e-05
calc_weight_matrix,0.008466079000000001
calc_rho,0.000549909
forward_single_sample,0.006800421
calc_cdf,0.0002479
uobs_fill_and_flattern,0.00013301
bin_obs_flattern,3.9160000000000005e-05
linear_interpolation,0.00044794
reshape,1.4060000000000001e-05
calc_rho,0.00017398900000000002
calc_cdf,0.00011820000000000001
uobs_fill_and_flattern,7.862e-05
bin_obs_flattern,3.5730000000000005e-05
linear_interpolation,0.00037920900000000003
reshape,1.6760000000000002e-05
filter,0.00031011
total,0.030451458
calc_grid_indices,0.00010989
calc_weight_matrix,0.006438462000000001
forward_single_sample,0.006472731000000001
calc_rho,0.000875909
calc_cdf,0.00024991
uobs_fill_and_flattern,0.00018161000000000002
bin_obs_flattern,4.2000000000000004e-05
linear_interpolation,0.000550089
reshape,1.629e-05
calc_rho,0.00017895900000000002
calc_cdf,0.00011644
uobs_fill_and_flattern,7.823e-05
bin_obs_flattern,3.578e-05
linear_interpolation,0.00042121000000000004
reshape,1.219e-05
filter,0.00037058
total,0.02908173
calc_grid_indices,5.626000000000001e-05
calc_weight_matrix,0.006092282
calc_rho,0.000436229
calc_cdf,0.00017215
uobs_fill_and_flattern,0.00011648000000000001
bin_obs_flattern,4.012e-05
linear_interpolation,0.00046077900000000003
reshape,1.39e-05
calc_rho,0.00017242
calc_cdf,0.000117349
uobs_fill_and_flattern,7.863000000000001e-05
bin_obs_flattern,3.617e-05
linear_interpolation,0.00039236
reshape,1.1900000000000001e-05
filter,0.00030957
forward_single_sample,0.003748265
total,0.022696739
calc_grid_indices,5.441e-05
calc_weight_matrix,0.007219519000000001
forward_single_sample,0.006403891
calc_rho,0.0006223190000000001
calc_cdf,0.00019704000000000002
uobs_fill_and_flattern,0.00013604
bin_obs_flattern,4.007e-05
linear_interpolation,0.000463399
reshape,1.374e-05
calc_rho,0.00017385
calc_cdf,0.000118759
uobs_fill_and_flattern,7.865e-05
bin_obs_flattern,3.6400000000000004e-05
linear_interpolation,0.00038317
reshape,1.1940000000000001e-05
filter,0.00031574900000000004
total,0.029410980000000003
calc_grid_indices,5.428e-05
calc_weight_matrix,0.006111151
forward_single_sample,0.006209952
calc_rho,0.00039705000000000003
calc_cdf,0.00016959
uobs_fill_and_flattern,0.00011172000000000001
bin_obs_flattern,3.864e-05
linear_interpolation,0.00044224900000000003
reshape,1.339e-05
calc_rho,0.00017710000000000002
calc_cdf,0.0001184
uobs_fill_and_flattern,7.783e-05
bin_obs_flattern,3.5949000000000004e-05
linear_interpolation,0.00037156
reshape,1.195e-05
filter,0.000302699
total,0.027859262000000003
