calc_grid_indices,0.000211627
calc_weight_matrix,0.008807325000000001
forward_single_sample,0.0005847770000000001
calc_rho,0.000817408
calc_cdf,0.005125981
uobs_fill_and_flattern,0.140325282
bin_obs_flattern,0.002255422
linear_interpolation,0.207031987
reshape,3.5543e-05
calc_rho,0.00039152
calc_cdf,0.000202739
uobs_fill_and_flattern,0.00014237
bin_obs_flattern,3.6311000000000005e-05
linear_interpolation,0.00082403
reshape,1.6238e-05
filter,0.20876263
total,0.586841884
calc_grid_indices,0.000183913
calc_weight_matrix,0.00096162
forward_single_sample,0.000566684
calc_rho,0.0008058960000000001
calc_cdf,0.000312483
uobs_fill_and_flattern,0.00019061200000000002
bin_obs_flattern,5.3002000000000005e-05
linear_interpolation,0.0007379470000000001
reshape,1.9904e-05
calc_rho,0.000277654
calc_cdf,0.000186323
uobs_fill_and_flattern,0.00012199300000000001
bin_obs_flattern,4.7792000000000006e-05
linear_interpolation,0.000615083
reshape,1.8398000000000002e-05
filter,0.012208529000000001
total,0.020778641
calc_grid_indices,0.000160318
calc_weight_matrix,0.00042746
forward_single_sample,0.00042629900000000005
calc_rho,0.000621514
calc_cdf,0.000239661
uobs_fill_and_flattern,0.000151027
bin_obs_flattern,4.9941e-05
linear_interpolation,0.000604076
reshape,1.7661000000000003e-05
calc_rho,0.000262236
calc_cdf,0.000180728
uobs_fill_and_flattern,0.00011836600000000001
bin_obs_flattern,4.6287000000000006e-05
linear_interpolation,0.000525368
reshape,1.5435e-05
filter,0.012448336
total,0.01946587
calc_grid_indices,0.00013640900000000001
calc_weight_matrix,0.000403191
forward_single_sample,0.000362636
calc_rho,0.000541061
calc_cdf,0.000216619
uobs_fill_and_flattern,0.000142115
bin_obs_flattern,5.0158e-05
linear_interpolation,0.000570087
reshape,1.628e-05
calc_rho,0.00025911500000000003
calc_cdf,0.000177596
uobs_fill_and_flattern,0.000116137
bin_obs_flattern,4.6424e-05
linear_interpolation,0.0005271340000000001
reshape,1.5187e-05
filter,0.012550655
total,0.018660043
calc_grid_indices,0.00012689800000000002
calc_weight_matrix,0.00034234
forward_single_sample,0.000337053
calc_rho,0.00052456
calc_cdf,0.00021318000000000002
uobs_fill_and_flattern,0.000227308
bin_obs_flattern,5.3526e-05
linear_interpolation,0.000588758
reshape,1.6792e-05
calc_rho,0.000263751
calc_cdf,0.000177254
uobs_fill_and_flattern,0.000116953
bin_obs_flattern,4.7457e-05
linear_interpolation,0.000513167
reshape,1.5775e-05
filter,0.012474725
total,0.018614693
calc_grid_indices,0.000116052
calc_weight_matrix,0.000328208
forward_single_sample,0.000334567
calc_rho,0.0005248140000000001
calc_cdf,0.00020906100000000002
uobs_fill_and_flattern,0.000137412
bin_obs_flattern,5.0764000000000004e-05
linear_interpolation,0.000565677
reshape,1.6845000000000002e-05
calc_rho,0.000256707
calc_cdf,0.00017512700000000002
uobs_fill_and_flattern,0.00011555300000000001
bin_obs_flattern,4.7348e-05
linear_interpolation,0.000510432
reshape,1.5530000000000002e-05
filter,0.012589911
total,0.019199876
calc_grid_indices,0.00010584300000000001
calc_weight_matrix,0.000336339
forward_single_sample,0.000342805
calc_rho,0.000521451
calc_cdf,0.000212269
uobs_fill_and_flattern,0.000139708
bin_obs_flattern,5.0642e-05
linear_interpolation,0.000570898
reshape,1.7266e-05
calc_rho,0.000258605
calc_cdf,0.000176775
uobs_fill_and_flattern,0.00011713400000000001
bin_obs_flattern,0.000126431
linear_interpolation,0.0005459880000000001
reshape,1.5333e-05
filter,0.012432915000000001
total,0.019088216
calc_grid_indices,0.00011205400000000001
calc_weight_matrix,0.000360213
forward_single_sample,0.00034727
calc_rho,0.00052956
calc_cdf,0.00021270000000000002
uobs_fill_and_flattern,0.000139571
bin_obs_flattern,4.9865000000000005e-05
linear_interpolation,0.000575782
reshape,1.6375e-05
calc_rho,0.00025872600000000003
calc_cdf,0.00018100600000000002
uobs_fill_and_flattern,0.00011724800000000001
bin_obs_flattern,4.7001000000000006e-05
linear_interpolation,0.0005217830000000001
reshape,1.5813000000000003e-05
filter,0.012521741000000001
total,0.018602499
calc_grid_indices,9.1099e-05
calc_weight_matrix,0.000328172
forward_single_sample,0.00033415100000000003
calc_rho,0.0005196360000000001
calc_cdf,0.00021403900000000002
uobs_fill_and_flattern,0.00014018
bin_obs_flattern,5.0208000000000004e-05
linear_interpolation,0.0005842600000000001
reshape,1.7289e-05
calc_rho,0.000264168
calc_cdf,0.00018791600000000002
uobs_fill_and_flattern,0.000119587
bin_obs_flattern,4.7997e-05
linear_interpolation,0.000517848
reshape,1.5888e-05
filter,0.012288638000000001
total,0.019058562
calc_grid_indices,0.00010383300000000001
calc_weight_matrix,0.000394794
forward_single_sample,0.0006270910000000001
calc_rho,0.000964241
calc_cdf,0.00029387
uobs_fill_and_flattern,0.00020959800000000002
bin_obs_flattern,6.0066000000000004e-05
linear_interpolation,0.0006927120000000001
reshape,1.9261e-05
calc_rho,0.000263842
calc_cdf,0.00017541100000000002
uobs_fill_and_flattern,0.000113566
bin_obs_flattern,4.889e-05
linear_interpolation,0.00052163
reshape,1.5456000000000002e-05
filter,0.012355910000000001
total,0.019533293
