calc_grid_indices,0.001099533
calc_weight_matrix,0.027094635000000002
forward_single_sample,0.00268461
calc_rho,0.001381695
calc_cdf,0.013893567
uobs_fill_and_flattern,0.04508533
bin_obs_flattern,0.0028381120000000003
linear_interpolation,0.27180959800000004
reshape,3.4670000000000005e-05
calc_rho,0.000635777
calc_cdf,0.000201873
uobs_fill_and_flattern,0.00016136200000000002
bin_obs_flattern,3.0200000000000002e-05
linear_interpolation,0.17405230400000002
reshape,3.1371e-05
filter,0.149923422
total,0.8985262430000001
calc_grid_indices,0.000315224
calc_weight_matrix,0.005521703
forward_single_sample,0.0012346640000000001
calc_rho,0.001139452
calc_cdf,0.00023477300000000002
uobs_fill_and_flattern,0.00023236300000000002
bin_obs_flattern,2.644e-05
linear_interpolation,0.00042451500000000004
reshape,1.3800000000000002e-05
calc_rho,0.000135901
calc_cdf,6.7681e-05
uobs_fill_and_flattern,4.6801e-05
bin_obs_flattern,1.722e-05
linear_interpolation,0.00021270200000000002
reshape,7.97e-06
filter,0.021814846000000002
total,0.09852968200000001
calc_grid_indices,0.000337224
calc_weight_matrix,0.0025515190000000004
forward_single_sample,0.001134493
calc_rho,0.0008335990000000001
calc_cdf,0.00015477200000000002
uobs_fill_and_flattern,0.000170132
bin_obs_flattern,2.1660000000000003e-05
linear_interpolation,0.000324944
reshape,1.1540000000000001e-05
calc_rho,0.000137902
calc_cdf,6.678100000000001e-05
uobs_fill_and_flattern,4.744e-05
bin_obs_flattern,1.7421e-05
linear_interpolation,0.00021386200000000002
reshape,8.11e-06
filter,0.026438439
total,0.09255302400000001
calc_grid_indices,0.000249972
calc_weight_matrix,0.0036538810000000003
forward_single_sample,0.0014192360000000002
calc_rho,0.001172843
calc_cdf,0.000242443
uobs_fill_and_flattern,0.000313454
bin_obs_flattern,3.384e-05
linear_interpolation,0.00041256400000000003
reshape,1.683e-05
calc_rho,0.000177342
calc_cdf,7.196100000000001e-05
uobs_fill_and_flattern,5.098e-05
bin_obs_flattern,2.2191e-05
linear_interpolation,0.000217072
reshape,1.019e-05
filter,0.021683814000000003
total,0.10523098800000001
calc_grid_indices,0.00027150300000000003
calc_weight_matrix,0.003408649
forward_single_sample,0.0011152730000000002
calc_rho,0.001228224
calc_cdf,0.000245993
uobs_fill_and_flattern,0.000248753
bin_obs_flattern,2.7450000000000003e-05
linear_interpolation,0.000417544
reshape,1.91e-05
calc_rho,0.00020531300000000002
calc_cdf,7.4771e-05
uobs_fill_and_flattern,4.8271000000000006e-05
bin_obs_flattern,1.789e-05
linear_interpolation,0.000228783
reshape,1.5771000000000002e-05
filter,0.022464663000000003
total,0.096951665
calc_grid_indices,0.00021050300000000001
calc_weight_matrix,0.002445197
forward_single_sample,0.001067252
calc_rho,0.000822619
calc_cdf,0.00019679200000000002
uobs_fill_and_flattern,0.000205953
bin_obs_flattern,2.654e-05
linear_interpolation,0.00039760500000000004
reshape,1.4000000000000001e-05
calc_rho,0.000150072
calc_cdf,6.9281e-05
uobs_fill_and_flattern,5.2241000000000003e-05
bin_obs_flattern,1.8e-05
linear_interpolation,0.00020701200000000002
reshape,8.49e-06
filter,0.022483223
total,0.093530955
calc_grid_indices,0.00045269500000000003
calc_weight_matrix,0.0043083290000000005
forward_single_sample,0.001342115
calc_rho,0.0008868400000000001
calc_cdf,0.000146942
uobs_fill_and_flattern,0.000187082
bin_obs_flattern,2.235e-05
linear_interpolation,0.00031579300000000003
reshape,1.3110000000000002e-05
calc_rho,0.000141512
calc_cdf,6.8421e-05
uobs_fill_and_flattern,5.790100000000001e-05
bin_obs_flattern,1.908e-05
linear_interpolation,0.000210802
reshape,7.94e-06
filter,0.024597458000000003
total,0.09517800400000001
calc_grid_indices,0.00035706400000000004
calc_weight_matrix,0.00348487
forward_single_sample,0.000732808
calc_rho,0.00045792500000000003
calc_cdf,0.000115691
uobs_fill_and_flattern,0.000129862
bin_obs_flattern,1.9430000000000002e-05
linear_interpolation,0.00027703300000000004
reshape,9.72e-06
calc_rho,0.00017360200000000002
calc_cdf,6.7791e-05
uobs_fill_and_flattern,4.6321000000000006e-05
bin_obs_flattern,1.713e-05
linear_interpolation,0.000209702
reshape,7.92e-06
filter,0.025870172
total,0.09747279
calc_grid_indices,0.000290833
calc_weight_matrix,0.0057314950000000005
forward_single_sample,0.001058722
calc_rho,0.0009700010000000001
calc_cdf,0.000259523
uobs_fill_and_flattern,0.00023198200000000002
bin_obs_flattern,2.7000000000000002e-05
linear_interpolation,0.000413065
reshape,1.396e-05
calc_rho,0.000151452
calc_cdf,6.8951e-05
uobs_fill_and_flattern,4.744e-05
bin_obs_flattern,1.677e-05
linear_interpolation,0.000211332
reshape,8.040000000000001e-06
filter,0.024192764000000002
total,0.097472951
calc_grid_indices,0.00028292300000000003
calc_weight_matrix,0.003385107
forward_single_sample,0.0010436310000000002
calc_rho,0.00087631
calc_cdf,0.00018995200000000001
uobs_fill_and_flattern,0.000219382
bin_obs_flattern,2.8941000000000003e-05
linear_interpolation,0.000403274
reshape,1.308e-05
calc_rho,0.00014602200000000002
calc_cdf,7.1671e-05
uobs_fill_and_flattern,4.8191e-05
bin_obs_flattern,1.923e-05
linear_interpolation,0.000223293
reshape,7.99e-06
filter,0.026483469000000003
total,0.10135951400000001
