pybind, 0.000187229
calc_grid_indices, 6.0079e-05
calc_weight_matrix, 0.40203
calc_rho, 0.00224402
calc_cdf, 0.00245231
uobs_fill_and_flattern, 0.361245
bin_obs_flattern, 0.000812212
linear_interpolation, 0.349739
reshape, 1.36e-06
calc_rho, 0.00305954
calc_cdf, 0.00284404
uobs_fill_and_flattern, 0.362162
bin_obs_flattern, 0.000636274
linear_interpolation, 0.342999
reshape, 4.4e-07
filter, 0.919575
forward_single_sample, 2.74207
pybind_wrapping_result, 0.0200895
total, 3.23355
pybind, 0.000541165
calc_grid_indices, 7.4049e-05
calc_weight_matrix, 0.285726
calc_rho, 0.00240411
calc_cdf, 0.0027202
uobs_fill_and_flattern, 0.352505
bin_obs_flattern, 0.000612764
linear_interpolation, 0.354027
reshape, 9.9e-07
calc_rho, 0.00237477
calc_cdf, 0.00320459
uobs_fill_and_flattern, 0.374896
bin_obs_flattern, 0.000283178
linear_interpolation, 0.34243
reshape, 1.24e-06
filter, 0.9257
forward_single_sample, 2.74875
pybind_wrapping_result, 0.0205612
total, 3.12348
pybind, 0.000183638
calc_grid_indices, 4.536e-05
calc_weight_matrix, 0.278838
calc_rho, 0.00224675
calc_cdf, 0.00229099
uobs_fill_and_flattern, 0.3472
bin_obs_flattern, 0.000287157
linear_interpolation, 0.34721
reshape, 9e-07
calc_rho, 0.00238747
calc_cdf, 0.00264256
uobs_fill_and_flattern, 0.370833
bin_obs_flattern, 0.000282587
linear_interpolation, 0.344545
reshape, 9e-07
filter, 0.929805
forward_single_sample, 2.73697
pybind_wrapping_result, 0.0206682
total, 3.10508
pybind, 0.000167549
calc_grid_indices, 4.3989e-05
calc_weight_matrix, 0.281439
calc_rho, 0.00206235
calc_cdf, 0.00228977
uobs_fill_and_flattern, 0.339613
bin_obs_flattern, 0.000273898
linear_interpolation, 0.341071
reshape, 1.14e-06
calc_rho, 0.00233509
calc_cdf, 0.00243075
uobs_fill_and_flattern, 0.35722
bin_obs_flattern, 0.000301197
linear_interpolation, 0.340629
reshape, 1.05e-06
filter, 0.913547
forward_single_sample, 2.68452
pybind_wrapping_result, 0.0200935
total, 3.05393
pybind, 0.000165878
calc_grid_indices, 4.4e-05
calc_weight_matrix, 0.279738
calc_rho, 0.00225022
calc_cdf, 0.00227555
uobs_fill_and_flattern, 0.346801
bin_obs_flattern, 0.000247967
linear_interpolation, 0.346208
reshape, 7.6e-07
calc_rho, 0.00262318
calc_cdf, 0.00262464
uobs_fill_and_flattern, 0.361703
bin_obs_flattern, 0.000269727
linear_interpolation, 0.344873
reshape, 8.5e-07
filter, 0.912332
forward_single_sample, 2.71145
pybind_wrapping_result, 0.0200537
total, 3.07985
pybind, 0.000164319
calc_grid_indices, 4.5699e-05
calc_weight_matrix, 0.279197
calc_rho, 0.00222861
calc_cdf, 0.00228133
uobs_fill_and_flattern, 0.34607
bin_obs_flattern, 0.000313637
linear_interpolation, 0.345626
reshape, 1.07e-06
calc_rho, 0.00237213
calc_cdf, 0.0025078
uobs_fill_and_flattern, 0.365382
bin_obs_flattern, 0.000341806
linear_interpolation, 0.354725
reshape, 7.3e-07
filter, 0.908644
forward_single_sample, 2.71569
pybind_wrapping_result, 0.0209013
total, 3.10069
pybind, 0.000171609
calc_grid_indices, 4.4679e-05
calc_weight_matrix, 0.277973
calc_rho, 0.00224236
calc_cdf, 0.00232032
uobs_fill_and_flattern, 0.348291
bin_obs_flattern, 0.000378537
linear_interpolation, 0.349134
reshape, 1.11e-06
calc_rho, 0.00234031
calc_cdf, 0.00262519
uobs_fill_and_flattern, 0.35637
bin_obs_flattern, 0.000373687
linear_interpolation, 0.346073
reshape, 1.54e-06
filter, 0.93716
forward_single_sample, 2.78111
pybind_wrapping_result, 0.0204846
total, 3.1487
pybind, 0.000165328
calc_grid_indices, 5.039e-05
calc_weight_matrix, 0.281602
calc_rho, 0.00221195
calc_cdf, 0.00331699
uobs_fill_and_flattern, 0.375729
bin_obs_flattern, 0.000395866
linear_interpolation, 0.3523
reshape, 2.29e-06
calc_rho, 0.00311824
calc_cdf, 0.00294649
uobs_fill_and_flattern, 0.336733
bin_obs_flattern, 0.000550065
linear_interpolation, 0.345655
reshape, 9.3e-07
filter, 0.928726
forward_single_sample, 2.75834
pybind_wrapping_result, 0.0193303
total, 3.12813
pybind, 0.000793983
calc_grid_indices, 7.519e-05
calc_weight_matrix, 0.283707
calc_rho, 0.00242074
calc_cdf, 0.00270916
uobs_fill_and_flattern, 0.334168
bin_obs_flattern, 0.000534855
linear_interpolation, 0.340817
reshape, 1.08e-06
calc_rho, 0.00238415
calc_cdf, 0.00279695
uobs_fill_and_flattern, 0.357267
bin_obs_flattern, 0.000709553
linear_interpolation, 0.345119
reshape, 1.06e-06
filter, 0.958499
forward_single_sample, 2.75161
pybind_wrapping_result, 0.0195506
total, 3.12362
pybind, 0.000272807
calc_grid_indices, 4.346e-05
calc_weight_matrix, 0.288286
calc_rho, 0.00222775
calc_cdf, 0.00247385
uobs_fill_and_flattern, 0.349264
bin_obs_flattern, 0.0131223
linear_interpolation, 0.349327
reshape, 9.4e-07
calc_rho, 0.00255693
calc_cdf, 0.00244639
uobs_fill_and_flattern, 0.366564
bin_obs_flattern, 0.000388016
linear_interpolation, 0.347314
reshape, 7e-07
filter, 0.97047
forward_single_sample, 2.79071
pybind_wrapping_result, 0.0199774
total, 3.17023
