pybind, 0.000337787
calc_grid_indices, 5.437e-05
calc_weight_matrix, 0.0269939
calc_rho, 0.0019272
calc_cdf, 0.00191083
uobs_fill_and_flattern, 0.0874655
bin_obs_flattern, 0.000454085
linear_interpolation, 0.100738
reshape, 1.74e-06
calc_rho, 0.00143488
calc_cdf, 0.00130577
uobs_fill_and_flattern, 0.0582766
bin_obs_flattern, 0.000347397
linear_interpolation, 0.0459098
reshape, 8.5e-07
filter, 0.0419653
forward_single_sample, 0.35432
pybind_wrapping_result, 0.00268425
total, 0.388042
pybind, 0.000151639
calc_grid_indices, 4.161e-05
calc_weight_matrix, 0.0168687
calc_rho, 0.00136193
calc_cdf, 0.00129832
uobs_fill_and_flattern, 0.0567271
bin_obs_flattern, 0.000332807
linear_interpolation, 0.0443134
reshape, 1.58e-06
calc_rho, 0.0013441
calc_cdf, 0.00125364
uobs_fill_and_flattern, 0.0564008
bin_obs_flattern, 0.000313977
linear_interpolation, 0.044677
reshape, 1.15e-06
filter, 0.0389438
forward_single_sample, 0.25818
pybind_wrapping_result, 0.00135068
total, 0.282545
pybind, 0.000153499
calc_grid_indices, 4.0889e-05
calc_weight_matrix, 0.0172318
calc_rho, 0.00133182
calc_cdf, 0.00127734
uobs_fill_and_flattern, 0.0565786
bin_obs_flattern, 0.000332477
linear_interpolation, 0.045894
reshape, 1.26e-06
calc_rho, 0.00133613
calc_cdf, 0.00124473
uobs_fill_and_flattern, 0.0561179
bin_obs_flattern, 0.000312707
linear_interpolation, 0.0466406
reshape, 7.6e-07
filter, 0.028176
forward_single_sample, 0.250487
pybind_wrapping_result, 0.000972112
total, 0.271679
pybind, 0.000149468
calc_grid_indices, 4.061e-05
calc_weight_matrix, 0.0166394
calc_rho, 0.00135652
calc_cdf, 0.00127793
uobs_fill_and_flattern, 0.0565604
bin_obs_flattern, 0.000327637
linear_interpolation, 0.0440592
reshape, 1.21e-06
calc_rho, 0.00134052
calc_cdf, 0.0012712
uobs_fill_and_flattern, 0.0560965
bin_obs_flattern, 0.000312687
linear_interpolation, 0.0445017
reshape, 8.7e-07
filter, 0.0384239
forward_single_sample, 0.256817
pybind_wrapping_result, 0.00153923
total, 0.280896
pybind, 0.000162089
calc_grid_indices, 4.1029e-05
calc_weight_matrix, 0.0168244
calc_rho, 0.00135064
calc_cdf, 0.00127938
uobs_fill_and_flattern, 0.0566845
bin_obs_flattern, 0.000328197
linear_interpolation, 0.0440133
reshape, 1.2e-06
calc_rho, 0.0013471
calc_cdf, 0.00126009
uobs_fill_and_flattern, 0.0561538
bin_obs_flattern, 0.000313848
linear_interpolation, 0.0444035
reshape, 8.4e-07
filter, 0.0276183
forward_single_sample, 0.246043
pybind_wrapping_result, 0.000823492
total, 0.266478
pybind, 0.000143129
calc_grid_indices, 4.126e-05
calc_weight_matrix, 0.0167387
calc_rho, 0.00135966
calc_cdf, 0.00127925
uobs_fill_and_flattern, 0.0567079
bin_obs_flattern, 0.000334257
linear_interpolation, 0.045861
reshape, 1.49e-06
calc_rho, 0.00134794
calc_cdf, 0.00125778
uobs_fill_and_flattern, 0.0564603
bin_obs_flattern, 0.000307947
linear_interpolation, 0.046497
reshape, 7.3e-07
filter, 0.0383484
forward_single_sample, 0.260832
pybind_wrapping_result, 0.00148511
total, 0.284976
pybind, 0.000149758
calc_grid_indices, 4.06e-05
calc_weight_matrix, 0.0169313
calc_rho, 0.00132618
calc_cdf, 0.00128381
uobs_fill_and_flattern, 0.0565748
bin_obs_flattern, 0.000327997
linear_interpolation, 0.0698631
reshape, 5.47e-06
calc_rho, 0.00177414
calc_cdf, 0.00127431
uobs_fill_and_flattern, 0.0561679
bin_obs_flattern, 0.000314167
linear_interpolation, 0.0464995
reshape, 8.8e-07
filter, 0.0299075
forward_single_sample, 0.276331
pybind_wrapping_result, 0.00101492
total, 0.297135
pybind, 0.000700444
calc_grid_indices, 4.3139e-05
calc_weight_matrix, 0.0171622
calc_rho, 0.00135668
calc_cdf, 0.00128875
uobs_fill_and_flattern, 0.0569005
bin_obs_flattern, 0.000333687
linear_interpolation, 0.0460291
reshape, 1.19e-06
calc_rho, 0.00133932
calc_cdf, 0.00126053
uobs_fill_and_flattern, 0.0562874
bin_obs_flattern, 0.000307787
linear_interpolation, 0.0466197
reshape, 8.3e-07
filter, 0.0382441
forward_single_sample, 0.261006
pybind_wrapping_result, 0.00141727
total, 0.285665
pybind, 0.000166419
calc_grid_indices, 4.1849e-05
calc_weight_matrix, 0.0175517
calc_rho, 0.00134087
calc_cdf, 0.00128155
uobs_fill_and_flattern, 0.056676
bin_obs_flattern, 0.000328887
linear_interpolation, 0.045948
reshape, 1.35e-06
calc_rho, 0.00133281
calc_cdf, 0.00125926
uobs_fill_and_flattern, 0.0563837
bin_obs_flattern, 0.000314027
linear_interpolation, 0.0501415
reshape, 1.23e-06
filter, 0.0283528
forward_single_sample, 0.254657
pybind_wrapping_result, 0.000961631
total, 0.276137
pybind, 0.000147828
calc_grid_indices, 4.092e-05
calc_weight_matrix, 0.0165514
calc_rho, 0.00134722
calc_cdf, 0.00129503
uobs_fill_and_flattern, 0.0562582
bin_obs_flattern, 0.000327257
linear_interpolation, 0.0452609
reshape, 9.5e-07
calc_rho, 0.0013194
calc_cdf, 0.00126131
uobs_fill_and_flattern, 0.0562539
bin_obs_flattern, 0.000312697
linear_interpolation, 0.0460805
reshape, 7.7e-07
filter, 0.0382376
forward_single_sample, 0.258681
pybind_wrapping_result, 0.0014487
total, 0.282519
