pybind, 0.000412186
calc_grid_indices, 9.8389e-05
calc_weight_matrix, 0.0491667
calc_rho, 0.00239356
calc_cdf, 0.00404694
uobs_fill_and_flattern, 0.0324859
bin_obs_flattern, 0.00148818
linear_interpolation, 0.0325578
reshape, 1.47e-06
calc_rho, 0.00224056
calc_cdf, 0.00926121
uobs_fill_and_flattern, 0.0265862
bin_obs_flattern, 0.0013227
linear_interpolation, 0.0228214
reshape, 6.1e-07
filter, 0.0760151
forward_single_sample, 0.278206
pybind_wrapping_result, 0.00275908
total, 0.339376
pybind, 0.000402446
calc_grid_indices, 7.2629e-05
calc_weight_matrix, 0.0192362
calc_rho, 0.00222582
calc_cdf, 0.00315113
uobs_fill_and_flattern, 0.0256903
bin_obs_flattern, 0.00132419
linear_interpolation, 0.0243923
reshape, 1.68e-06
calc_rho, 0.0014797
calc_cdf, 0.00459371
uobs_fill_and_flattern, 0.0199835
bin_obs_flattern, 0.00416015
linear_interpolation, 0.0245898
reshape, 1.01e-06
filter, 0.0587886
forward_single_sample, 0.219349
pybind_wrapping_result, 0.00346168
total, 0.251115
pybind, 0.000342747
calc_grid_indices, 6.3489e-05
calc_weight_matrix, 0.0175647
calc_rho, 0.00199081
calc_cdf, 0.00350174
uobs_fill_and_flattern, 0.0228263
bin_obs_flattern, 0.00112647
linear_interpolation, 0.0260974
reshape, 1.36e-06
calc_rho, 0.00190018
calc_cdf, 0.00474076
uobs_fill_and_flattern, 0.0260495
bin_obs_flattern, 0.00102152
linear_interpolation, 0.0292777
reshape, 1.28e-06
filter, 0.0649939
forward_single_sample, 0.231321
pybind_wrapping_result, 0.00140304
total, 0.259304
pybind, 0.000332027
calc_grid_indices, 8.9269e-05
calc_weight_matrix, 0.0187211
calc_rho, 0.00205659
calc_cdf, 0.00289813
uobs_fill_and_flattern, 0.0302445
bin_obs_flattern, 0.00233523
linear_interpolation, 0.0271354
reshape, 1.32e-06
calc_rho, 0.00188294
calc_cdf, 0.00430923
uobs_fill_and_flattern, 0.0257256
bin_obs_flattern, 0.00100213
linear_interpolation, 0.0290525
reshape, 4.8e-07
filter, 0.0639086
forward_single_sample, 0.238774
pybind_wrapping_result, 0.00135836
total, 0.268463
pybind, 0.000336206
calc_grid_indices, 7.166e-05
calc_weight_matrix, 0.01839
calc_rho, 0.00212142
calc_cdf, 0.00365854
uobs_fill_and_flattern, 0.0259276
bin_obs_flattern, 0.00133109
linear_interpolation, 0.0286806
reshape, 1.19e-06
calc_rho, 0.00146084
calc_cdf, 0.00434143
uobs_fill_and_flattern, 0.0190717
bin_obs_flattern, 0.000748493
linear_interpolation, 0.0253969
reshape, 6.5e-07
filter, 0.0676698
forward_single_sample, 0.230714
pybind_wrapping_result, 0.0014208
total, 0.259823
pybind, 0.000331157
calc_grid_indices, 6.593e-05
calc_weight_matrix, 0.0178072
calc_rho, 0.00204811
calc_cdf, 0.00268587
uobs_fill_and_flattern, 0.0271949
bin_obs_flattern, 0.00154188
linear_interpolation, 0.0275033
reshape, 9.6e-07
calc_rho, 0.00147232
calc_cdf, 0.00432797
uobs_fill_and_flattern, 0.0233875
bin_obs_flattern, 0.000964901
linear_interpolation, 0.0266586
reshape, 1.12e-06
filter, 0.0690233
forward_single_sample, 0.23686
pybind_wrapping_result, 0.00149503
total, 0.265509
pybind, 0.000334857
calc_grid_indices, 6.3989e-05
calc_weight_matrix, 0.0181657
calc_rho, 0.00204997
calc_cdf, 0.00296296
uobs_fill_and_flattern, 0.027706
bin_obs_flattern, 0.00323873
linear_interpolation, 0.0341239
reshape, 1.13e-06
calc_rho, 0.00145256
calc_cdf, 0.00471997
uobs_fill_and_flattern, 0.022719
bin_obs_flattern, 0.00119916
linear_interpolation, 0.0319499
reshape, 7.4e-07
filter, 0.0603397
forward_single_sample, 0.241919
pybind_wrapping_result, 0.00310021
total, 0.273849
pybind, 0.000348107
calc_grid_indices, 6.4109e-05
calc_weight_matrix, 0.0216479
calc_rho, 0.00205694
calc_cdf, 0.00290533
uobs_fill_and_flattern, 0.0232221
bin_obs_flattern, 0.00128459
linear_interpolation, 0.027598
reshape, 8.1e-07
calc_rho, 0.0015034
calc_cdf, 0.00463744
uobs_fill_and_flattern, 0.0236939
bin_obs_flattern, 0.00120593
linear_interpolation, 0.0271322
reshape, 1.15e-06
filter, 0.0633255
forward_single_sample, 0.229626
pybind_wrapping_result, 0.00146193
total, 0.26187
pybind, 0.000312277
calc_grid_indices, 6.6589e-05
calc_weight_matrix, 0.0199003
calc_rho, 0.00201252
calc_cdf, 0.00313256
uobs_fill_and_flattern, 0.0252991
bin_obs_flattern, 0.00150935
linear_interpolation, 0.0281355
reshape, 1.1e-06
calc_rho, 0.00143148
calc_cdf, 0.00417
uobs_fill_and_flattern, 0.0227217
bin_obs_flattern, 0.00131058
linear_interpolation, 0.0273481
reshape, 9.9e-07
filter, 0.065702
forward_single_sample, 0.237663
pybind_wrapping_result, 0.00145655
total, 0.268378
pybind, 0.000368417
calc_grid_indices, 6.2269e-05
calc_weight_matrix, 0.0183022
calc_rho, 0.0021077
calc_cdf, 0.00390713
uobs_fill_and_flattern, 0.0269716
bin_obs_flattern, 0.00135791
linear_interpolation, 0.027011
reshape, 9.4e-07
calc_rho, 0.00162689
calc_cdf, 0.00522944
uobs_fill_and_flattern, 0.0215431
bin_obs_flattern, 0.00126142
linear_interpolation, 0.0275741
reshape, 9.1e-07
filter, 0.0652326
forward_single_sample, 0.233694
pybind_wrapping_result, 0.00321183
total, 0.265353
