pybind, 0.000286517
calc_grid_indices, 4.5619e-05
calc_weight_matrix, 0.00261409
calc_rho, 0.0018823
calc_cdf, 0.00587218
uobs_fill_and_flattern, 0.00422098
bin_obs_flattern, 0.000131289
linear_interpolation, 0.00931551
reshape, 1e-06
calc_rho, 0.00234361
calc_cdf, 0.00217521
uobs_fill_and_flattern, 0.00303718
bin_obs_flattern, 0.000195988
linear_interpolation, 0.00261759
reshape, 4.2e-07
filter, 0.00321802
forward_single_sample, 0.0371288
pybind_wrapping_result, 0.000238737
total, 0.0404871
pybind, 0.000127368
calc_grid_indices, 4.866e-05
calc_weight_matrix, 0.00205194
calc_rho, 0.00208886
calc_cdf, 0.00204977
uobs_fill_and_flattern, 0.00287552
bin_obs_flattern, 9.0179e-05
linear_interpolation, 0.00262754
reshape, 7.5e-07
calc_rho, 0.00218245
calc_cdf, 0.00218038
uobs_fill_and_flattern, 0.00158283
bin_obs_flattern, 0.000196828
linear_interpolation, 0.00268134
reshape, 5.8e-07
filter, 0.00406541
forward_single_sample, 0.022914
pybind_wrapping_result, 0.000160818
total, 0.0267092
pybind, 0.000138509
calc_grid_indices, 6.5809e-05
calc_weight_matrix, 0.000715073
calc_rho, 0.00206031
calc_cdf, 0.00201706
uobs_fill_and_flattern, 0.00233818
bin_obs_flattern, 8.8529e-05
linear_interpolation, 0.00258571
reshape, 8e-07
calc_rho, 0.00205612
calc_cdf, 0.00214374
uobs_fill_and_flattern, 0.0016181
bin_obs_flattern, 0.000195228
linear_interpolation, 0.00272416
reshape, 7.2e-07
filter, 0.00414478
forward_single_sample, 0.0222585
pybind_wrapping_result, 0.000170898
total, 0.0247
pybind, 0.000113539
calc_grid_indices, 6.8209e-05
calc_weight_matrix, 0.000714593
calc_rho, 0.00207386
calc_cdf, 0.00202008
uobs_fill_and_flattern, 0.00233181
bin_obs_flattern, 0.000103699
linear_interpolation, 0.00259381
reshape, 6.6e-07
calc_rho, 0.00204815
calc_cdf, 0.00215927
uobs_fill_and_flattern, 0.0016081
bin_obs_flattern, 0.000200748
linear_interpolation, 0.00277939
reshape, 4.9e-07
filter, 0.004206
forward_single_sample, 0.022416
pybind_wrapping_result, 0.000174749
total, 0.0248948
pybind, 0.000223078
calc_grid_indices, 7.065e-05
calc_weight_matrix, 0.000770163
calc_rho, 0.00215939
calc_cdf, 0.0020228
uobs_fill_and_flattern, 0.00244136
bin_obs_flattern, 9.9719e-05
linear_interpolation, 0.00266888
reshape, 1.01e-06
calc_rho, 0.00240688
calc_cdf, 0.00220044
uobs_fill_and_flattern, 0.00161085
bin_obs_flattern, 0.000215638
linear_interpolation, 0.00275684
reshape, 5.9e-07
filter, 0.00421728
forward_single_sample, 0.0230778
pybind_wrapping_result, 0.000181258
total, 0.0256524
pybind, 0.000123269
calc_grid_indices, 7.1709e-05
calc_weight_matrix, 0.000779343
calc_rho, 0.00194067
calc_cdf, 0.00203799
uobs_fill_and_flattern, 0.00235192
bin_obs_flattern, 0.000102629
linear_interpolation, 0.00259348
reshape, 5.6e-07
calc_rho, 0.0021422
calc_cdf, 0.00219752
uobs_fill_and_flattern, 0.00168426
bin_obs_flattern, 0.000212118
linear_interpolation, 0.00303951
reshape, 5e-07
filter, 0.0043517
forward_single_sample, 0.0229282
pybind_wrapping_result, 0.000172228
total, 0.0255083
pybind, 0.000119109
calc_grid_indices, 7.163e-05
calc_weight_matrix, 0.000801453
calc_rho, 0.00198043
calc_cdf, 0.00204369
uobs_fill_and_flattern, 0.00245047
bin_obs_flattern, 0.000120929
linear_interpolation, 0.00400823
reshape, 7.6e-07
calc_rho, 0.0021184
calc_cdf, 0.00221676
uobs_fill_and_flattern, 0.00171954
bin_obs_flattern, 0.000222088
linear_interpolation, 0.00303261
reshape, 4.2e-07
filter, 0.00439567
forward_single_sample, 0.0245823
pybind_wrapping_result, 0.000166249
total, 0.0271232
pybind, 0.000118179
calc_grid_indices, 7.078e-05
calc_weight_matrix, 0.000804913
calc_rho, 0.00197061
calc_cdf, 0.0020585
uobs_fill_and_flattern, 0.00244455
bin_obs_flattern, 0.000142328
linear_interpolation, 0.00266105
reshape, 6.5e-07
calc_rho, 0.0021034
calc_cdf, 0.00219609
uobs_fill_and_flattern, 0.00172727
bin_obs_flattern, 0.000228408
linear_interpolation, 0.00305798
reshape, 7.1e-07
filter, 0.00439373
forward_single_sample, 0.0232607
pybind_wrapping_result, 0.000159068
total, 0.0257821
pybind, 0.000113469
calc_grid_indices, 7.1319e-05
calc_weight_matrix, 0.000799512
calc_rho, 0.00218045
calc_cdf, 0.00210815
uobs_fill_and_flattern, 0.00257941
bin_obs_flattern, 0.000140048
linear_interpolation, 0.00295832
reshape, 7.8e-07
calc_rho, 0.00234159
calc_cdf, 0.0022106
uobs_fill_and_flattern, 0.00172913
bin_obs_flattern, 0.000222678
linear_interpolation, 0.00290498
reshape, 3.4e-07
filter, 0.00434363
forward_single_sample, 0.0240123
pybind_wrapping_result, 0.000162909
total, 0.0265275
pybind, 0.000110119
calc_grid_indices, 7.1939e-05
calc_weight_matrix, 0.000813053
calc_rho, 0.00198792
calc_cdf, 0.00209415
uobs_fill_and_flattern, 0.00252353
bin_obs_flattern, 0.000124169
linear_interpolation, 0.00269972
reshape, 5.9e-07
calc_rho, 0.0021545
calc_cdf, 0.00223269
uobs_fill_and_flattern, 0.00172351
bin_obs_flattern, 0.000231288
linear_interpolation, 0.00310188
reshape, 6.1e-07
filter, 0.00447075
forward_single_sample, 0.0236203
pybind_wrapping_result, 0.000153149
total, 0.0261178
