calc_grid_indices,0.000173399
calc_weight_matrix,0.000335037
forward_single_sample,0.002592797
calc_rho,0.017634058
calc_cdf,0.002319619
uobs_fill_and_flattern,0.006951916000000001
bin_obs_flattern,0.00041197600000000004
linear_interpolation,0.019388193
reshape,7.5969e-05
calc_rho,0.00218315
calc_cdf,0.0011321
uobs_fill_and_flattern,0.0032300600000000003
bin_obs_flattern,0.000209578
linear_interpolation,0.018628480000000003
reshape,7.6059e-05
filter,0.0033524500000000003
total,0.08620554300000001
calc_grid_indices,8.4929e-05
calc_weight_matrix,0.000126449
forward_single_sample,0.000901071
calc_rho,0.005361241
calc_cdf,0.001585685
uobs_fill_and_flattern,0.002815254
bin_obs_flattern,0.000265548
linear_interpolation,0.017308542
reshape,2.156e-05
calc_rho,0.0006965840000000001
calc_cdf,0.000875552
uobs_fill_and_flattern,0.0032776100000000002
bin_obs_flattern,0.000137049
linear_interpolation,0.014036712000000002
reshape,1.5e-05
filter,0.002893103
total,0.055348764
calc_grid_indices,0.000106149
calc_weight_matrix,0.000109759
forward_single_sample,0.000430226
calc_rho,0.001620275
calc_cdf,0.0022832390000000003
uobs_fill_and_flattern,0.0029623730000000003
bin_obs_flattern,0.000251318
linear_interpolation,0.019860279
reshape,1.46e-05
calc_rho,0.0006245640000000001
calc_cdf,0.0008577620000000001
uobs_fill_and_flattern,0.0029084830000000003
bin_obs_flattern,0.00019346800000000003
linear_interpolation,0.013057351
reshape,1.411e-05
filter,0.002119621
total,0.053024196
calc_grid_indices,7.700900000000001e-05
calc_weight_matrix,0.00011736900000000001
forward_single_sample,0.00042433600000000004
calc_rho,0.00112955
calc_cdf,0.002326209
uobs_fill_and_flattern,0.0031104220000000003
bin_obs_flattern,0.000324527
linear_interpolation,0.01853544
reshape,1.5240000000000001e-05
calc_rho,0.000518625
calc_cdf,0.0006621540000000001
uobs_fill_and_flattern,0.002762135
bin_obs_flattern,0.000114938
linear_interpolation,0.013491407
reshape,1.5320000000000002e-05
filter,0.002319809
total,0.049696106000000004
calc_grid_indices,0.000316587
calc_weight_matrix,0.000156019
forward_single_sample,0.00032066800000000003
calc_rho,0.001062191
calc_cdf,0.001525487
uobs_fill_and_flattern,0.003014923
bin_obs_flattern,0.000352266
linear_interpolation,0.01415768
reshape,1.517e-05
calc_rho,0.0004967460000000001
calc_cdf,0.0007525440000000001
uobs_fill_and_flattern,0.003180221
bin_obs_flattern,0.000135489
linear_interpolation,0.012634235
reshape,1.537e-05
filter,0.002069581
total,0.043783550000000004
calc_grid_indices,0.000130559
calc_weight_matrix,0.000124708
forward_single_sample,0.0006915640000000001
calc_rho,0.00214303
calc_cdf,0.002414818
uobs_fill_and_flattern,0.00335577
bin_obs_flattern,0.000395886
linear_interpolation,0.021659882000000002
reshape,1.9039000000000002e-05
calc_rho,0.001279628
calc_cdf,0.0008417030000000001
uobs_fill_and_flattern,0.007289014000000001
bin_obs_flattern,0.000744773
linear_interpolation,0.019256605
reshape,1.481e-05
filter,0.003182411
total,0.068173128
calc_grid_indices,0.00010074900000000001
calc_weight_matrix,0.00010184900000000001
forward_single_sample,0.00036843600000000003
calc_rho,0.001425707
calc_cdf,0.002320069
uobs_fill_and_flattern,0.003150892
bin_obs_flattern,0.00038728700000000005
linear_interpolation,0.015016833
reshape,1.771e-05
calc_rho,0.0005585950000000001
calc_cdf,0.000677534
uobs_fill_and_flattern,0.0036800970000000002
bin_obs_flattern,0.000154918
linear_interpolation,0.013046990000000001
reshape,1.5139e-05
filter,0.002062941
total,0.047389717000000005
calc_grid_indices,8.2199e-05
calc_weight_matrix,0.000170998
forward_single_sample,0.000244008
calc_rho,0.0014977060000000001
calc_cdf,0.002553847
uobs_fill_and_flattern,0.00335489
bin_obs_flattern,0.000305047
linear_interpolation,0.015762046000000002
reshape,1.562e-05
calc_rho,0.000540145
calc_cdf,0.000672444
uobs_fill_and_flattern,0.002938074
bin_obs_flattern,0.000177039
linear_interpolation,0.014306830000000001
reshape,1.4420000000000001e-05
filter,0.002460518
total,0.049620897000000004
calc_grid_indices,9.103900000000001e-05
calc_weight_matrix,7.954900000000001e-05
forward_single_sample,0.000268338
calc_rho,0.001057051
calc_cdf,0.001710885
uobs_fill_and_flattern,0.003295099
bin_obs_flattern,0.00045869600000000003
linear_interpolation,0.016536599000000003
reshape,1.541e-05
calc_rho,0.0005585350000000001
calc_cdf,0.000697344
uobs_fill_and_flattern,0.0029901930000000004
bin_obs_flattern,0.000166699
linear_interpolation,0.012470806000000001
reshape,1.478e-05
filter,0.0021440910000000003
total,0.046101889
calc_grid_indices,0.00010723900000000001
calc_weight_matrix,9.927e-05
forward_single_sample,0.000277887
calc_rho,0.001368808
calc_cdf,0.001962282
uobs_fill_and_flattern,0.003566507
bin_obs_flattern,0.000373496
linear_interpolation,0.014118901000000001
reshape,1.669e-05
calc_rho,0.000525635
calc_cdf,0.000678704
uobs_fill_and_flattern,0.002916524
bin_obs_flattern,0.000125269
linear_interpolation,0.013869203
reshape,1.544e-05
filter,0.0019149120000000002
total,0.045405816
